{"G_loss":0.004286385141313076,"_timestamp":1.7379213245352755e+09,"_wandb":{"runtime":6233},"_runtime":6217.223498973,"_step":24}