{"G_loss":0.017501339316368103,"_timestamp":1.7379023173472438e+09,"_runtime":259.947372023,"_step":0,"_wandb":{"runtime":300}}